Date,Price,Open,High,Low,Vol.,Change %
08/09/2023,18.2,18.3,18.34,17.99,850.07K,2.25%
08/08/2023,17.8,18.33,18.7,17.8,777.22K,-2.84%
08/07/2023,18.32,18.35,18.74,18.06,1.18M,0.33%
08/06/2023,18.26,18.27,18.45,17.8,833.07K,2.87%
08/03/2023,17.75,18.25,18.5,17.75,290.97K,-1.39%
08/02/2023,18.0,17.95,18.29,17.66,2.45M,2.56%
08/01/2023,17.55,18.7,18.7,17.42,1.05M,-6.05%
07/31/2023,18.68,18.7,19.0,18.5,1.16M,-0.90%
07/30/2023,18.85,17.5,19.0,17.41,676.62K,8.65%
07/27/2023,17.35,17.85,18.45,17.3,945.32K,-2.20%
07/26/2023,17.74,18.4,18.5,17.74,711.75K,-2.95%
07/25/2023,18.28,18.55,18.99,18.15,400.07K,-1.88%
07/24/2023,18.63,19.0,19.0,18.35,264.10K,-1.90%
07/19/2023,18.99,19.3,19.3,18.71,149.80K,-1.09%
07/18/2023,19.2,19.29,19.3,19.09,2.00M,0.37%
07/17/2023,19.13,18.9,19.41,18.72,1.04M,1.16%
07/16/2023,18.91,19.15,19.25,18.62,189.74K,-0.47%
07/13/2023,19.0,18.45,19.3,18.36,413.27K,4.17%
07/12/2023,18.24,18.65,18.65,18.15,2.35M,0.50%
07/11/2023,18.15,18.85,18.9,18.01,1.84M,-2.68%
07/10/2023,18.65,19.0,19.0,18.26,1.72M,-2.41%
07/09/2023,19.11,19.7,19.7,18.5,70.63K,-0.47%
07/06/2023,19.2,19.99,19.99,19.01,268.64K,-3.03%
07/05/2023,19.8,20.68,20.99,19.7,201.75K,-4.26%
07/04/2023,20.68,21.34,21.34,19.61,1.18M,-3.09%
06/26/2023,21.34,20.9,21.34,20.35,1.14M,1.62%
06/25/2023,21.0,20.8,21.0,20.1,1.05M,0.00%
06/22/2023,21.0,21.24,21.24,20.5,1.47M,0.00%
06/21/2023,21.0,21.38,21.38,20.9,443.63K,-1.78%
06/20/2023,21.38,21.0,21.58,20.91,275.26K,1.57%
06/19/2023,21.05,21.0,21.74,20.85,866.33K,-0.09%
06/18/2023,21.07,20.39,21.41,20.02,296.96K,5.35%
06/15/2023,20.0,19.5,20.0,19.25,1.17M,3.90%
06/14/2023,19.25,19.0,19.49,18.75,1.64M,1.48%
06/13/2023,18.97,18.85,19.0,18.75,1.88M,0.21%
06/12/2023,18.93,18.8,19.0,18.75,617.42K,0.96%
06/11/2023,18.75,18.9,18.9,18.71,390.90K,-0.42%
06/08/2023,18.83,18.64,19.0,18.36,1.61M,1.02%
06/07/2023,18.64,19.0,19.0,18.25,917.88K,-1.89%
06/06/2023,19.0,18.32,19.1,18.32,3.62M,4.68%
06/05/2023,18.15,18.8,18.8,18.15,672.84K,-1.25%
06/04/2023,18.38,19.4,19.4,18.25,77.13K,-3.26%
06/01/2023,19.0,19.72,19.72,18.33,477.73K,-0.37%
05/31/2023,19.07,19.0,19.8,19.0,2.39M,-0.21%
05/30/2023,19.11,18.35,19.25,18.31,373.41K,3.41%
05/29/2023,18.48,17.95,18.49,17.56,494.54K,2.67%
05/28/2023,18.0,17.6,18.1,17.3,146.66K,1.93%
05/25/2023,17.66,17.01,18.3,17.01,278.87K,-1.89%
05/24/2023,18.0,16.9,18.0,16.61,568.78K,6.51%
05/23/2023,16.9,16.95,17.05,16.7,73.57K,0.84%
05/22/2023,16.76,17.2,17.2,16.45,161.59K,-3.07%
05/21/2023,17.29,16.2,17.39,16.2,453.30K,6.73%
05/18/2023,16.2,15.8,16.2,15.4,1.28M,3.32%
05/17/2023,15.68,15.85,16.2,15.25,560.62K,-1.38%
05/16/2023,15.9,16.0,16.2,15.8,668.02K,-0.63%
05/15/2023,16.0,16.5,16.85,16.0,556.11K,-3.73%
05/14/2023,16.62,16.6,16.8,16.5,88.71K,0.12%
05/11/2023,16.6,16.92,16.98,16.3,518.47K,-1.31%
05/10/2023,16.82,16.9,17.0,16.7,103.23K,-0.47%
05/09/2023,16.9,16.93,17.1,16.86,316.01K,0.00%
05/08/2023,16.9,17.0,17.1,16.75,982.90K,0.96%
05/07/2023,16.74,17.05,17.2,16.69,185.02K,-1.82%
05/03/2023,17.05,17.4,17.49,17.05,110.20K,-2.01%
05/02/2023,17.4,17.4,17.58,17.0,1.18M,0.12%
05/01/2023,17.38,17.13,17.45,16.75,570.76K,1.46%
04/30/2023,17.13,17.5,17.7,16.9,226.33K,-1.55%
04/27/2023,17.4,17.35,17.61,17.08,850.38K,0.29%
04/26/2023,17.35,17.0,17.35,16.9,286.88K,2.00%
04/19/2023,17.01,17.29,17.3,16.8,742.04K,0.06%
04/18/2023,17.0,17.0,17.3,16.95,610.74K,0.12%
04/13/2023,16.98,17.0,17.24,16.81,156.47K,0.59%
04/12/2023,16.88,17.39,17.39,16.75,612.12K,-3.49%
04/11/2023,17.49,16.65,17.49,16.56,634.40K,6.19%
04/10/2023,16.47,16.47,16.7,16.41,43.07K,0.12%
04/09/2023,16.45,16.69,16.8,16.4,129.95K,-0.48%
04/06/2023,16.53,16.85,16.99,16.52,82.75K,-2.48%
04/05/2023,16.95,17.0,17.0,16.5,350.51K,-0.29%
04/04/2023,17.0,17.5,17.5,16.5,479.99K,-2.69%
04/03/2023,17.47,17.4,17.98,17.3,1.51M,0.98%
04/02/2023,17.3,17.55,17.55,17.01,347.08K,-1.14%
03/30/2023,17.5,17.5,17.5,16.02,1.24M,0.00%
03/29/2023,17.5,16.48,17.5,15.85,1.56M,6.12%
03/28/2023,16.49,15.85,16.59,15.61,998.47K,4.30%
03/27/2023,15.81,14.8,17.49,14.69,2.97M,7.40%
03/26/2023,14.72,14.55,15.0,14.4,760.46K,3.88%
03/23/2023,14.17,13.52,14.4,13.52,779.09K,2.16%
03/22/2023,13.87,13.68,13.87,13.5,1.27M,2.51%
03/21/2023,13.53,13.55,13.66,13.35,645.06K,1.35%
03/20/2023,13.35,13.36,13.57,13.2,792.87K,-0.07%
03/19/2023,13.36,13.7,13.7,12.8,437.57K,0.45%
03/16/2023,13.3,14.24,14.24,13.3,11.14M,-6.34%
03/15/2023,14.2,14.15,14.4,13.95,2.39M,2.38%
03/14/2023,13.87,14.11,14.3,13.87,4.30M,-1.00%
03/13/2023,14.01,14.66,14.7,13.85,4.89M,-3.38%
03/12/2023,14.5,15.3,15.3,14.0,1.27M,-4.67%
03/09/2023,15.21,15.48,15.64,15.21,3.46M,0.40%
03/08/2023,15.15,17.0,17.0,15.0,3.13M,-10.88%
03/07/2023,17.0,17.6,17.99,16.25,528.18K,-3.41%
03/06/2023,17.6,18.24,18.24,17.55,663.72K,-1.90%
03/05/2023,17.94,18.3,18.3,17.8,27.71K,-0.33%
03/02/2023,18.0,18.8,18.8,18.0,4.13M,-4.71%
03/01/2023,18.89,18.52,18.89,18.01,2.25M,2.00%
02/28/2023,18.52,18.24,18.52,17.8,2.96M,2.04%
02/27/2023,18.15,17.7,18.24,17.68,1.05M,0.83%
02/26/2023,18.0,18.05,18.05,17.8,57.62K,0.00%
02/23/2023,18.0,18.05,18.05,17.65,915.09K,0.00%
02/22/2023,18.0,17.99,18.0,17.0,1.74M,0.06%
02/21/2023,17.99,18.0,18.0,17.77,2.20M,0.00%
02/20/2023,17.99,18.08,18.08,17.96,352.83K,-0.83%
02/19/2023,18.14,18.14,18.19,18.0,9.67K,0.00%
02/16/2023,18.14,18.22,18.22,18.0,813.87K,0.78%
02/15/2023,18.0,17.98,18.18,17.8,842.31K,-0.28%
02/14/2023,18.05,18.2,18.2,18.0,424.07K,0.28%
02/13/2023,18.0,18.21,18.21,17.84,1.83M,0.00%
02/12/2023,18.0,18.15,18.5,18.0,2.11M,-0.99%
02/09/2023,18.18,18.1,18.55,17.7,1.01M,0.89%
02/08/2023,18.02,18.0,18.1,17.8,2.36M,-0.17%
02/07/2023,18.05,17.51,18.19,17.51,2.71M,1.40%
02/06/2023,17.8,17.5,17.85,17.5,1.81M,1.71%
02/05/2023,17.5,17.95,17.95,17.01,848.38K,-2.72%
02/02/2023,17.99,18.0,18.0,17.8,7.70M,-0.06%
02/01/2023,18.0,17.8,18.0,17.8,2.67M,0.56%
01/31/2023,17.9,17.75,18.0,17.41,4.15M,0.85%
01/30/2023,17.75,17.3,17.9,17.0,3.76M,4.41%
01/29/2023,17.0,16.4,17.12,16.4,658.12K,4.94%
01/25/2023,16.2,16.9,16.97,16.2,1.33M,-3.28%
01/24/2023,16.75,16.7,17.05,16.15,1.11M,-0.30%
01/23/2023,16.8,16.95,17.3,16.71,1.06M,-0.88%
01/22/2023,16.95,17.27,17.27,16.85,50.64K,-1.91%
01/19/2023,17.28,17.45,17.7,16.8,731.55K,-0.40%
01/18/2023,17.35,16.98,17.89,16.85,900.05K,-0.63%
01/17/2023,17.46,16.85,17.48,16.5,1.95M,3.62%
01/16/2023,16.85,15.55,16.85,15.5,1.91M,6.71%
01/15/2023,15.79,16.04,16.04,15.36,520.63K,-1.19%
01/12/2023,15.98,15.75,16.0,14.91,3.72M,1.46%
01/11/2023,15.75,15.38,15.93,15.13,1.85M,2.41%
01/10/2023,15.38,16.35,16.4,15.11,1.73M,-5.93%
01/09/2023,16.35,16.0,16.95,15.9,1.90M,0.68%
01/05/2023,16.24,14.49,16.24,14.4,1.52M,14.29%
01/04/2023,14.21,14.35,14.5,13.72,927.70K,0.21%
01/03/2023,14.18,14.45,14.5,14.0,674.07K,-1.60%
01/02/2023,14.41,14.2,14.5,14.11,743.23K,0.70%
12/29/2022,14.31,14.25,14.31,14.0,618.80K,0.77%
12/28/2022,14.2,14.1,14.25,13.71,895.40K,0.00%
12/27/2022,14.2,14.27,14.27,14.06,1.04M,0.00%
12/26/2022,14.2,14.17,14.37,14.0,408.06K,-0.07%
12/25/2022,14.21,14.5,14.5,14.0,316.72K,-2.00%
12/22/2022,14.5,15.0,15.09,14.48,675.90K,-3.46%
12/21/2022,15.02,15.06,15.15,14.78,1.17M,-0.27%
12/20/2022,15.06,14.99,15.48,14.83,1.23M,2.38%
12/19/2022,14.71,14.99,15.15,14.71,1.66M,-1.41%
12/18/2022,14.92,15.0,15.24,14.4,267.54K,-0.53%
12/15/2022,15.0,14.6,15.35,14.21,3.18M,5.56%
12/14/2022,14.21,14.79,14.79,14.1,2.82M,-3.99%
12/13/2022,14.8,13.65,14.8,13.53,2.21M,8.27%
12/12/2022,13.67,13.5,13.75,13.32,1.56M,1.33%
12/11/2022,13.49,13.32,13.99,13.32,690.18K,-3.57%
12/08/2022,13.99,13.88,13.99,13.55,3.73M,0.79%
12/07/2022,13.88,13.3,13.92,13.21,3.06M,4.60%
12/06/2022,13.27,13.6,13.64,13.21,1.09M,-1.70%
12/05/2022,13.5,13.66,13.79,13.37,1.46M,-0.74%
12/04/2022,13.6,13.7,13.7,13.26,1.19M,-1.09%
12/01/2022,13.75,12.92,13.75,12.92,1.84M,6.51%
11/30/2022,12.91,13.9,13.95,12.91,4.53M,-7.12%
11/29/2022,13.9,13.85,13.9,13.66,2.26M,0.36%
11/28/2022,13.85,13.8,13.95,13.5,1.51M,-0.14%
11/27/2022,13.87,13.87,13.9,13.61,678.43K,0.00%
11/24/2022,13.87,13.55,13.99,13.55,1.41M,0.51%
11/23/2022,13.8,14.0,14.0,13.55,1.83M,-0.72%
11/22/2022,13.9,13.5,14.1,13.42,3.81M,2.28%
11/21/2022,13.59,13.16,13.59,13.0,2.92M,-7.49%
11/20/2022,14.69,14.57,14.85,14.22,1.24M,0.62%
11/17/2022,14.6,13.6,14.6,13.6,2.52M,7.43%
11/16/2022,13.59,13.25,13.59,13.15,759.23K,2.57%
11/15/2022,13.25,13.42,13.42,13.01,795.63K,-0.82%
11/14/2022,13.36,12.85,13.59,12.81,3.24M,3.57%
11/13/2022,12.9,12.88,13.0,12.8,1.05M,0.39%
11/10/2022,12.85,12.75,13.1,12.5,1.09M,-4.18%
11/09/2022,13.41,11.6,13.41,11.53,3.14M,15.60%
11/08/2022,11.6,11.71,11.71,11.55,2.36M,-0.94%
11/07/2022,11.71,11.58,11.71,11.46,1.88M,1.91%
11/06/2022,11.49,11.56,11.59,11.45,122.49K,-0.61%
11/03/2022,11.56,11.6,11.6,11.41,831.86K,0.09%
11/02/2022,11.55,11.6,11.6,11.4,1.11M,-0.35%
11/01/2022,11.59,11.51,11.8,11.51,2.15M,-2.52%
10/31/2022,11.89,11.48,11.89,11.31,3.15M,5.22%
10/30/2022,11.3,11.6,11.6,11.27,1.22M,-1.74%
10/27/2022,11.5,11.3,11.6,11.2,2.26M,2.22%
10/26/2022,11.25,11.3,11.4,11.24,897.91K,0.00%
10/25/2022,11.25,11.4,11.45,11.21,1.16M,-1.32%
10/24/2022,11.4,10.9,11.48,10.9,1.95M,4.59%
10/23/2022,10.9,11.0,11.0,10.85,77.87K,-0.46%
10/20/2022,10.95,10.78,10.98,10.78,919.90K,1.39%
10/19/2022,10.8,10.9,10.96,10.7,509.63K,-0.74%
10/18/2022,10.88,10.59,10.97,10.55,1.08M,3.62%
10/17/2022,10.5,10.57,10.59,10.5,219.18K,0.00%
10/16/2022,10.5,10.5,10.6,10.45,4.22M,0.00%
10/13/2022,10.5,10.57,10.6,10.44,338.20K,-0.66%
10/12/2022,10.57,10.5,10.6,10.5,2.70M,0.76%
10/11/2022,10.49,10.67,10.67,10.49,98.45K,-0.29%
10/10/2022,10.52,10.57,10.74,10.5,1.31M,0.00%
10/09/2022,10.52,10.49,10.64,10.3,388.81K,1.35%
10/05/2022,10.38,10.45,10.5,10.26,3.80M,-0.38%
10/04/2022,10.42,10.25,10.49,10.25,481.12K,1.66%
10/03/2022,10.25,10.27,10.33,10.15,1.01M,1.38%
10/02/2022,10.11,10.3,10.3,10.1,243.88K,-1.84%
09/29/2022,10.3,10.05,10.3,10.05,1.40M,2.79%
09/28/2022,10.02,10.19,10.19,9.95,1.27M,-1.28%
09/27/2022,10.15,10.09,10.17,10.0,7.88M,2.32%
09/26/2022,9.92,10.01,10.38,9.92,1.67M,-3.22%
09/25/2022,10.25,10.18,10.49,10.0,567.36K,1.99%
09/22/2022,10.05,9.81,10.3,9.81,1.35M,2.55%
09/21/2022,9.8,10.0,10.14,9.8,1.61M,-1.51%
09/20/2022,9.95,10.13,10.25,9.95,740.62K,-1.29%
09/19/2022,10.08,10.25,10.25,9.99,1.56M,0.50%
09/18/2022,10.03,10.3,10.3,10.0,624.66K,-2.15%
09/15/2022,10.25,10.7,10.7,10.07,3.33M,-2.84%
09/14/2022,10.55,10.5,10.78,10.42,1.76M,0.38%
09/13/2022,10.51,10.54,10.54,10.4,519.38K,-0.28%
09/12/2022,10.54,10.34,10.54,10.28,532.13K,2.83%
09/11/2022,10.25,10.28,10.4,10.1,355.80K,0.99%
09/08/2022,10.15,10.18,10.3,10.01,407.55K,-1.46%
09/07/2022,10.3,10.17,10.3,10.1,385.36K,1.78%
09/06/2022,10.12,10.3,10.45,10.1,1.81M,-1.27%
09/05/2022,10.25,10.4,10.43,10.2,600.13K,-0.49%
09/04/2022,10.3,10.2,10.59,10.09,1.02M,3.00%
09/01/2022,10.0,10.0,10.17,9.86,2.17M,2.56%
08/31/2022,9.75,10.4,10.4,9.75,3.61M,-6.07%
08/30/2022,10.38,10.4,10.59,10.27,244.62K,1.07%
08/29/2022,10.27,10.69,10.69,10.2,317.32K,-2.19%
08/28/2022,10.5,10.69,10.73,10.45,177.58K,-0.10%
08/25/2022,10.51,10.5,10.6,10.49,592.96K,0.38%
08/24/2022,10.47,10.6,10.6,10.45,2.15M,-0.10%
08/23/2022,10.48,10.65,10.68,10.48,1.55M,-0.66%
08/22/2022,10.55,10.7,10.7,10.5,640.46K,-1.31%
08/21/2022,10.69,10.5,10.73,10.47,89.56K,1.62%
08/18/2022,10.52,10.6,10.6,10.44,1.20M,-0.75%
08/17/2022,10.6,10.44,10.6,10.35,1.50M,1.53%
08/16/2022,10.44,10.3,10.49,10.3,1.58M,0.97%
08/15/2022,10.34,10.39,10.4,10.27,3.02M,-0.58%
08/14/2022,10.4,10.35,10.4,10.23,448.26K,0.68%
08/11/2022,10.33,10.35,10.35,10.02,1.21M,2.28%
08/10/2022,10.1,10.0,10.17,10.0,2.95M,0.00%
08/09/2022,10.1,10.22,10.22,10.0,960.73K,-0.98%
08/08/2022,10.2,9.95,10.2,9.9,7.54M,2.51%
08/07/2022,9.95,9.8,9.96,9.8,4.01M,0.61%
08/04/2022,9.89,9.67,9.93,9.61,4.05M,2.38%
08/03/2022,9.66,9.94,9.95,9.53,1.66M,-2.62%
08/02/2022,9.92,9.79,9.92,9.79,2.32M,1.22%
08/01/2022,9.8,9.84,9.84,9.71,901.72K,0.51%
07/31/2022,9.75,9.85,9.94,9.73,1.18M,-1.02%
07/28/2022,9.85,9.85,9.93,9.62,527.63K,0.00%
07/27/2022,9.85,9.91,9.99,9.85,1.93M,-0.51%
07/26/2022,9.9,10.1,10.1,9.9,2.87M,-1.00%
07/25/2022,10.0,10.03,10.05,9.95,426.01K,0.10%
07/24/2022,9.99,9.99,9.99,9.81,151.87K,0.50%
07/21/2022,9.94,10.0,10.0,9.94,895.71K,-0.60%
07/20/2022,10.0,10.8,10.8,9.96,539.09K,-0.99%
07/19/2022,10.1,9.8,10.19,9.8,360.15K,2.96%
07/18/2022,9.81,10.0,10.0,9.75,4.67M,0.00%
07/17/2022,9.81,10.0,10.0,9.75,160.30K,-1.90%
07/07/2022,10.0,9.96,10.28,9.9,265.89K,0.10%
07/06/2022,9.99,10.05,10.1,9.96,292.29K,-1.09%
07/05/2022,10.1,10.03,10.1,9.95,777.64K,0.50%
07/04/2022,10.05,10.19,10.19,10.03,499.02K,-0.50%
07/03/2022,10.1,10.44,10.44,10.1,320.25K,-1.94%
06/29/2022,10.3,10.35,10.35,10.1,447.22K,0.00%
06/28/2022,10.3,10.31,10.4,10.05,911.11K,-0.10%
06/27/2022,10.31,10.25,10.33,10.16,314.42K,0.59%
06/26/2022,10.25,10.3,10.4,10.25,82.25K,0.00%
06/23/2022,10.25,10.36,10.49,10.25,381.48K,-2.38%
06/22/2022,10.5,10.73,10.74,10.35,780.07K,0.00%
06/21/2022,10.5,10.74,10.74,10.44,571.51K,-1.69%
06/20/2022,10.68,10.61,10.7,10.55,4.11M,0.47%
06/19/2022,10.63,10.74,10.98,10.6,543.28K,-2.03%
06/16/2022,10.85,10.9,10.9,10.72,1.04M,0.37%
06/15/2022,10.81,11.02,11.02,10.79,811.71K,-1.99%
06/14/2022,11.03,10.8,11.05,10.8,508.76K,-1.52%
06/13/2022,11.2,11.32,11.32,10.8,114.98K,1.73%
06/12/2022,11.01,11.3,11.3,11.0,31.20K,-4.01%
06/09/2022,11.47,10.85,11.47,10.76,448.95K,4.75%
06/08/2022,10.95,10.7,10.95,10.7,312.32K,2.82%
06/07/2022,10.65,10.77,10.77,10.6,1.18M,-1.11%
06/06/2022,10.77,10.9,10.9,10.76,355.10K,-0.83%
06/05/2022,10.86,10.86,10.88,10.62,9.79K,0.00%
06/02/2022,10.86,10.79,10.86,10.6,1.30M,0.56%
06/01/2022,10.8,10.99,10.99,10.6,723.54K,1.89%
05/31/2022,10.6,10.93,10.93,10.6,3.69M,-2.75%
05/30/2022,10.9,10.92,10.93,10.71,2.86M,0.93%
05/29/2022,10.8,11.0,11.0,10.7,1.26K,0.00%
05/26/2022,10.8,10.74,10.84,10.73,54.24K,0.00%
05/25/2022,10.8,10.95,10.95,10.7,65.49K,-1.37%
05/24/2022,10.95,11.0,11.08,10.79,383.35K,-1.17%
05/23/2022,11.08,10.83,11.2,10.83,128.56K,1.37%
05/22/2022,10.93,11.0,11.0,10.8,19.89K,0.00%
05/19/2022,10.93,10.87,10.95,10.82,96.23K,0.28%
05/18/2022,10.9,10.81,11.0,10.81,362.73K,0.00%
05/17/2022,10.9,11.0,11.02,10.9,136.45K,-0.18%
05/16/2022,10.92,10.75,11.25,10.75,1.32M,0.28%
05/15/2022,10.89,10.8,11.0,10.63,59.41K,1.30%
05/12/2022,10.75,10.99,11.0,10.58,3.54M,-0.46%
05/11/2022,10.8,11.03,11.03,10.79,1.01M,-1.82%
05/10/2022,11.0,11.11,11.11,10.7,3.44M,-1.43%
05/09/2022,11.16,11.13,11.6,11.01,1.40M,-1.41%
05/08/2022,11.32,10.91,11.43,10.8,146.37K,5.11%
04/28/2022,10.77,11.07,11.29,10.77,2.09M,-3.58%
04/27/2022,11.17,11.3,11.3,11.02,413.11K,-1.15%
04/26/2022,11.3,11.02,11.3,11.02,506.60K,2.63%
04/21/2022,11.01,11.4,11.4,11.0,297.75K,-1.78%
04/20/2022,11.21,11.2,11.29,11.02,1.12M,0.09%
04/19/2022,11.2,11.19,11.35,11.1,733.13K,0.09%
04/18/2022,11.19,11.39,11.48,11.05,693.93K,-1.41%
04/17/2022,11.35,11.29,11.5,11.02,73.44K,0.53%
04/14/2022,11.29,11.2,11.29,11.02,1.02M,-0.09%
04/13/2022,11.3,11.32,11.4,11.0,1.38M,0.00%
04/12/2022,11.3,11.8,11.8,11.3,974.05K,-2.59%
04/11/2022,11.6,11.8,11.8,11.6,431.20K,-1.69%
04/10/2022,11.8,11.9,11.9,11.8,8.05K,0.00%
04/07/2022,11.8,11.99,11.99,11.8,1.21M,-1.50%
04/06/2022,11.98,12.0,12.0,11.8,595.26K,1.44%
04/05/2022,11.81,11.84,12.1,11.75,256.22K,-1.83%
04/04/2022,12.03,12.0,12.2,11.78,421.56K,0.17%
04/03/2022,12.01,12.0,12.01,11.81,34.45K,0.00%
03/31/2022,12.01,11.8,12.01,11.8,483.53K,1.78%
03/30/2022,11.8,12.0,12.1,11.8,128.87K,-1.67%
03/29/2022,12.0,11.9,12.0,11.8,329.20K,2.13%
03/28/2022,11.75,11.9,12.01,11.75,1.43M,-2.08%
03/27/2022,12.0,12.0,12.25,11.67,284.80K,0.00%
03/24/2022,12.0,11.5,12.0,11.5,786.09K,4.35%
03/23/2022,11.5,11.45,11.74,11.44,2.24M,0.52%
03/22/2022,11.44,11.75,11.75,11.36,2.43M,-0.52%
03/21/2022,11.5,11.27,11.8,11.13,1.63M,2.22%
03/20/2022,11.25,11.3,11.35,11.1,8.39K,0.00%
03/17/2022,11.25,11.1,11.4,11.0,5.46M,2.27%
03/16/2022,11.0,10.8,11.2,10.8,17.95M,2.61%
03/15/2022,10.72,10.8,11.08,10.66,3.34M,-0.28%
03/14/2022,10.75,10.8,10.8,10.66,1.89M,0.66%
03/13/2022,10.68,10.87,11.0,10.6,139.60K,-2.55%
03/10/2022,10.96,10.96,11.08,10.95,2.56M,-0.36%
03/09/2022,11.0,11.05,11.16,10.9,1.66M,-0.36%
03/08/2022,11.04,11.1,11.18,10.9,1.28M,-2.21%
03/07/2022,11.29,11.51,11.57,11.2,377.10K,-2.67%
03/06/2022,11.6,11.75,11.75,11.59,159.74K,-0.43%
03/03/2022,11.65,11.6,11.86,11.6,2.59M,1.04%
03/02/2022,11.53,11.26,11.7,11.26,1.14M,-1.45%
03/01/2022,11.7,11.0,11.75,11.0,2.07M,7.83%
02/28/2022,10.85,10.56,11.09,10.5,5.29M,2.94%
02/27/2022,10.54,10.5,10.57,10.4,350.96K,1.15%
02/24/2022,10.42,10.41,10.57,10.26,1.97M,-1.70%
02/23/2022,10.6,10.55,10.63,10.44,888.93K,0.00%
02/22/2022,10.6,10.41,10.65,10.41,637.96K,1.44%
02/21/2022,10.45,10.49,10.53,10.41,391.80K,0.29%
02/20/2022,10.42,10.51,10.51,10.4,87.49K,-0.76%
02/17/2022,10.5,10.54,10.6,10.45,926.79K,0.00%
02/16/2022,10.5,10.61,10.61,10.5,1.74M,-0.10%
02/15/2022,10.51,10.5,10.64,10.5,2.59M,-0.10%
02/14/2022,10.52,10.6,10.65,10.4,759.98K,0.19%
02/13/2022,10.5,10.65,10.74,10.48,458.90K,-1.41%
02/10/2022,10.65,10.5,10.65,10.45,1.02M,1.43%
02/09/2022,10.5,10.6,10.6,10.46,1.05M,-0.47%
02/08/2022,10.55,10.63,10.65,10.53,513.23K,0.00%
02/07/2022,10.55,10.57,10.62,10.51,386.58K,-0.47%
02/06/2022,10.6,10.65,10.65,10.57,61.00K,-0.09%
02/03/2022,10.61,10.6,10.64,10.58,1.27M,0.09%
02/02/2022,10.6,10.6,10.73,10.6,1.58M,0.00%
02/01/2022,10.6,10.45,10.75,10.42,750.18K,2.02%
01/31/2022,10.39,10.49,10.5,10.36,763.40K,-0.19%
01/30/2022,10.41,10.59,10.59,10.4,97.80K,0.10%
01/26/2022,10.4,10.66,10.66,10.4,1.02M,-1.98%
01/25/2022,10.61,10.6,10.72,10.56,729.61K,-0.75%
01/24/2022,10.69,10.58,10.7,10.58,1.90M,1.04%
01/23/2022,10.58,10.7,10.7,10.56,211.36K,-2.04%
01/20/2022,10.8,10.8,10.8,10.7,329.32K,0.00%
01/19/2022,10.8,10.8,10.8,10.73,722.52K,0.00%
01/18/2022,10.8,10.71,10.9,10.7,1.96M,0.00%
01/17/2022,10.8,10.65,10.8,10.65,324.83K,1.79%
01/16/2022,10.61,10.72,10.8,10.6,135.80K,-1.76%
01/13/2022,10.8,10.71,10.88,10.65,1.14M,-0.46%
01/12/2022,10.85,10.95,10.95,10.7,1.49M,0.46%
01/11/2022,10.8,10.93,10.98,10.7,953.72K,-1.19%
01/10/2022,10.93,10.81,11.04,10.81,725.22K,0.37%
01/09/2022,10.89,10.83,10.98,10.7,181.51K,1.02%
01/05/2022,10.78,10.69,10.83,10.69,501.19K,1.70%
01/04/2022,10.6,10.67,10.73,10.55,1.21M,-0.47%
01/03/2022,10.65,10.63,10.7,10.63,1.75M,0.00%
01/02/2022,10.65,10.7,10.7,10.6,169.30K,-0.65%
12/30/2021,10.72,10.69,10.74,10.54,594.09K,1.61%
12/29/2021,10.55,10.62,10.74,10.54,354.26K,-0.66%
12/28/2021,10.62,10.46,10.75,10.34,120.88K,1.53%
12/27/2021,10.46,10.7,10.7,10.4,420.60K,-2.15%
12/26/2021,10.69,10.8,10.8,10.67,90.00K,-1.02%
12/23/2021,10.8,10.79,10.83,10.65,849.65K,1.22%
12/22/2021,10.67,10.8,10.8,10.65,820.47K,-1.20%
12/21/2021,10.8,10.8,10.83,10.71,1.22M,0.47%
12/20/2021,10.75,10.7,10.83,10.7,1.25M,-0.37%
12/19/2021,10.79,10.8,10.87,10.75,84.36K,-0.09%
12/16/2021,10.8,10.88,10.88,10.75,2.02M,-0.09%
12/15/2021,10.81,10.82,10.9,10.77,2.47M,-0.18%
12/14/2021,10.83,10.98,10.98,10.72,1.73M,0.19%
12/13/2021,10.81,10.8,10.9,10.78,2.78M,0.09%
12/12/2021,10.8,11.1,11.1,10.79,352.85K,-0.09%
12/09/2021,10.81,10.81,10.86,10.8,10.09M,0.00%
12/08/2021,10.81,11.4,11.4,10.7,2.89M,-5.51%
12/07/2021,11.44,11.37,11.5,11.22,3.40M,0.62%
12/06/2021,11.37,11.19,11.4,11.09,1.78M,2.34%
12/05/2021,11.11,11.3,11.3,11.1,2.14M,-1.68%
12/02/2021,11.3,11.15,11.46,11.15,836.26K,0.18%
12/01/2021,11.28,11.18,11.28,11.0,1.63M,0.80%
11/30/2021,11.19,10.79,11.19,10.71,9.87M,4.58%
11/29/2021,10.7,10.77,11.31,10.5,4.56M,-10.08%
11/28/2021,11.9,12.0,12.0,11.75,1.06M,-0.42%
11/25/2021,11.95,11.92,12.15,11.92,1.91M,0.25%
11/24/2021,11.92,11.89,12.1,11.87,456.71K,0.08%
11/23/2021,11.91,11.93,12.0,11.86,2.49M,-0.75%
11/22/2021,12.0,12.0,12.19,11.92,11.96M,0.00%
11/21/2021,12.0,11.94,12.0,11.9,530.27K,0.93%
11/18/2021,11.89,11.93,11.93,11.8,2.13M,0.00%
11/17/2021,11.89,11.74,11.97,11.74,1.42M,1.02%
11/16/2021,11.77,11.9,11.9,11.77,3.00M,-0.68%
11/15/2021,11.85,11.9,12.05,11.7,1.56M,0.42%
11/14/2021,11.8,11.85,11.99,11.7,483.32K,0.08%
11/11/2021,11.79,11.75,11.86,11.75,997.08K,0.17%
11/10/2021,11.77,11.75,11.85,11.7,260.85K,0.17%
11/09/2021,11.75,11.65,11.89,11.61,1.15M,0.86%
11/08/2021,11.65,11.8,11.89,11.61,660.70K,-1.27%
11/07/2021,11.8,11.55,11.8,11.55,1.36M,0.08%
11/04/2021,11.79,11.69,11.79,11.51,1.65M,1.64%
11/03/2021,11.6,11.69,11.69,11.55,1.25M,0.00%
11/02/2021,11.6,11.68,11.7,11.5,1.38M,0.09%
11/01/2021,11.59,11.7,11.7,11.49,3.36M,-0.09%
10/31/2021,11.6,11.7,11.7,11.4,502.52K,0.00%
10/28/2021,11.6,11.78,11.78,11.3,2.92M,0.69%
10/27/2021,11.52,11.64,11.77,11.47,715.26K,-0.69%
10/26/2021,11.6,11.79,11.8,11.6,1.83M,-1.69%
10/25/2021,11.8,11.89,12.0,11.6,5.77M,-0.76%
10/24/2021,11.89,12.15,12.15,11.8,287.55K,-0.17%
10/20/2021,11.91,11.95,12.15,11.91,738.19K,-0.75%
10/19/2021,12.0,12.24,12.24,11.95,384.40K,-1.15%
10/18/2021,12.14,12.27,12.3,11.9,7.26M,-0.08%
10/17/2021,12.15,12.32,12.35,12.0,440.24K,-1.78%
10/14/2021,12.37,12.3,12.37,12.1,247.94K,2.57%
10/13/2021,12.06,12.25,12.27,12.06,556.28K,-1.95%
10/12/2021,12.3,12.13,12.3,12.1,635.40K,1.65%
10/11/2021,12.1,12.11,12.4,12.1,334.30K,-1.63%
10/10/2021,12.3,12.63,12.63,12.1,68.53K,0.00%
10/06/2021,12.3,12.0,12.3,11.9,1.31M,2.16%
10/05/2021,12.04,12.24,12.24,11.96,51.25K,-0.17%
10/04/2021,12.06,12.05,12.34,11.95,168.95K,-1.71%
10/03/2021,12.27,12.0,12.3,11.93,39.53K,0.25%
09/30/2021,12.24,12.35,12.35,11.92,688.52K,1.24%
09/29/2021,12.09,12.55,12.55,12.05,45.86K,-3.28%
09/28/2021,12.5,12.59,12.59,12.2,168.60K,2.46%
09/27/2021,12.2,12.4,12.62,12.2,694.85K,-2.94%
09/26/2021,12.57,12.3,12.7,12.22,472.74K,2.86%
09/23/2021,12.22,12.3,12.4,12.01,607.08K,0.66%
09/22/2021,12.14,12.1,12.2,12.0,477.30K,0.00%
09/21/2021,12.14,11.91,12.4,11.7,162.14K,-1.14%
09/20/2021,12.28,12.47,12.47,12.01,100.62K,-1.37%
09/19/2021,12.45,12.6,12.69,12.1,20.03K,0.00%
09/16/2021,12.45,12.75,12.77,12.45,1.43M,-2.20%
09/15/2021,12.73,12.45,12.75,12.41,924.53K,0.71%
09/14/2021,12.64,12.21,12.68,12.21,8.57M,1.12%
09/13/2021,12.5,12.29,12.55,12.08,166.84K,1.71%
09/12/2021,12.29,12.6,12.6,12.02,82.27K,-2.46%
09/09/2021,12.6,11.54,12.6,11.54,1.91M,6.78%
09/08/2021,11.8,11.7,11.8,11.65,1.26M,1.90%
09/07/2021,11.58,11.55,11.7,11.5,1.50M,-0.60%
09/06/2021,11.65,11.61,11.7,11.5,138.80K,0.34%
09/05/2021,11.61,11.51,11.68,11.51,62.66K,-0.51%
09/02/2021,11.67,11.75,11.75,11.5,531.00K,-0.68%
09/01/2021,11.75,11.75,11.84,11.65,2.22M,-0.17%
08/31/2021,11.77,11.8,11.87,11.65,2.55M,1.03%
08/30/2021,11.65,11.55,11.85,11.5,445.94K,1.30%
08/29/2021,11.5,11.69,11.69,11.5,66.20K,0.09%
08/26/2021,11.49,11.5,11.66,11.4,3.55M,0.88%
08/25/2021,11.39,11.4,11.46,11.3,438.78K,0.00%
08/24/2021,11.39,11.43,11.43,11.28,699.15K,-0.09%
08/23/2021,11.4,11.4,11.44,11.35,307.27K,0.62%
08/22/2021,11.33,11.34,11.44,11.24,45.34K,-0.96%
08/19/2021,11.44,11.35,11.5,11.3,899.31K,0.53%
08/18/2021,11.38,11.46,11.6,11.25,838.35K,-1.81%
08/17/2021,11.59,11.49,11.67,11.49,782.36K,1.58%
08/16/2021,11.41,11.45,11.5,11.4,637.55K,-0.17%
08/15/2021,11.43,11.53,11.53,11.4,177.99K,0.00%
08/11/2021,11.43,11.53,11.55,11.38,689.79K,0.35%
08/10/2021,11.39,11.43,11.47,11.31,94.15K,-0.35%
08/09/2021,11.43,11.5,11.53,11.34,27.93K,0.88%
08/08/2021,11.33,11.36,11.42,11.3,130.00K,-1.05%
08/05/2021,11.45,11.57,11.6,11.26,2.69M,-1.89%
08/04/2021,11.67,11.64,11.72,11.58,485.18K,0.26%
08/03/2021,11.64,11.75,11.79,11.57,447.32K,-1.27%
08/02/2021,11.79,11.85,11.85,11.7,1.14M,1.20%
08/01/2021,11.65,11.86,11.86,11.56,248.66K,-1.02%
07/29/2021,11.77,11.98,12.0,11.7,769.47K,-1.18%
07/28/2021,11.91,11.78,11.96,11.78,109.98K,0.08%
07/27/2021,11.9,11.93,12.05,11.6,654.68K,1.19%
07/26/2021,11.76,11.94,11.94,11.64,805.62K,-1.26%
07/25/2021,11.91,11.95,11.98,11.66,95.46K,-0.08%
07/18/2021,11.92,11.99,11.99,11.7,226.25K,0.17%
07/15/2021,11.9,11.96,12.1,11.63,1.15M,0.17%
07/14/2021,11.88,11.59,12.0,11.59,1.44M,3.48%
07/13/2021,11.48,11.7,11.7,11.4,526.22K,-1.37%
07/12/2021,11.64,11.69,11.75,11.59,1.90M,0.00%
07/11/2021,11.64,11.35,11.7,11.35,33.93K,0.87%
07/08/2021,11.54,11.68,11.7,11.4,663.81K,-1.20%
07/07/2021,11.68,11.67,11.7,11.55,711.74K,1.48%
07/06/2021,11.51,11.74,11.74,11.3,260.49K,-1.96%
07/05/2021,11.74,11.81,11.95,11.55,546.75K,-0.93%
07/04/2021,11.85,11.96,11.96,11.81,279.26K,0.00%
06/30/2021,11.85,11.95,12.0,11.63,808.92K,0.59%
06/29/2021,11.78,11.89,11.89,11.65,275.86K,-0.93%
06/28/2021,11.89,11.99,11.99,11.81,666.92K,-0.34%
06/27/2021,11.93,11.9,12.0,11.87,74.60K,0.00%
06/24/2021,11.93,12.04,12.1,11.89,488.97K,-0.33%
06/23/2021,11.97,11.9,12.05,11.81,313.91K,-0.25%
06/22/2021,12.0,11.95,12.06,11.85,797.83K,-0.17%
06/21/2021,12.02,11.8,12.1,11.8,623.37K,3.62%
06/20/2021,11.6,11.7,11.8,11.5,51.91K,-3.57%
06/17/2021,12.03,12.1,12.2,11.3,1.62M,-0.58%
06/16/2021,12.1,12.0,12.19,12.0,666.91K,0.58%
06/15/2021,12.03,11.96,12.1,11.91,527.06K,-0.25%
06/14/2021,12.06,11.88,12.1,11.88,472.44K,1.43%
06/13/2021,11.89,11.9,11.9,11.73,72.64K,1.97%
06/10/2021,11.66,11.76,11.8,11.6,652.43K,-1.19%
06/09/2021,11.8,11.9,11.9,11.74,621.18K,0.43%
06/08/2021,11.75,11.99,11.99,11.67,1.14M,-1.51%
06/07/2021,11.93,11.73,11.97,11.73,528.21K,0.42%
06/06/2021,11.88,11.9,11.91,11.69,39.52K,0.76%
06/03/2021,11.79,11.9,12.0,11.58,1.16M,0.08%
06/02/2021,11.78,11.73,12.1,11.73,1.51M,-0.25%
06/01/2021,11.81,11.68,11.94,11.68,173.16K,0.25%
05/31/2021,11.78,11.91,12.0,11.7,321.70K,-0.93%
05/30/2021,11.89,12.24,12.24,11.79,295.16K,-2.06%
05/27/2021,12.14,12.17,12.25,12.0,4.27M,1.42%
05/26/2021,11.97,11.97,12.0,11.9,842.52K,-0.08%
05/25/2021,11.98,12.13,12.13,11.91,754.08K,-1.72%
05/24/2021,12.19,12.25,12.25,12.1,641.92K,0.49%
05/23/2021,12.13,12.21,12.21,12.0,12.89K,-0.66%
05/20/2021,12.21,12.25,12.25,12.11,170.37K,0.49%
05/19/2021,12.15,12.1,12.24,12.1,891.53K,0.41%
05/18/2021,12.1,12.0,12.2,12.0,1.62M,0.75%
05/17/2021,12.01,12.24,12.24,11.92,440.52K,0.00%
05/11/2021,12.01,12.01,12.2,11.93,148.66K,-0.25%
05/10/2021,12.04,12.01,12.1,12.0,403.79K,0.42%
05/09/2021,11.99,12.3,12.3,11.9,53.41K,-0.83%
05/06/2021,12.09,12.0,12.22,12.0,181.21K,1.60%
05/05/2021,11.9,12.0,12.08,11.9,1.97M,0.34%
05/04/2021,11.86,11.84,11.95,11.8,604.84K,1.72%
04/28/2021,11.66,11.95,11.95,11.6,278.23K,-0.34%
04/27/2021,11.7,11.61,11.8,11.61,267.63K,-0.68%
04/26/2021,11.78,11.78,11.9,11.53,158.64K,1.55%
04/25/2021,11.6,11.65,11.65,11.52,101.25K,-0.34%
04/22/2021,11.64,11.68,11.74,11.55,618.01K,-0.51%
04/21/2021,11.7,11.56,11.88,11.5,224.97K,-2.26%
04/20/2021,11.97,12.1,12.1,11.54,2.11M,0.59%
04/19/2021,11.9,11.87,12.07,11.75,531.16K,0.25%
04/18/2021,11.87,11.9,11.9,11.34,36.54K,1.45%
04/15/2021,11.7,11.69,11.85,11.26,413.12K,2.90%
04/14/2021,11.37,11.84,11.84,11.25,1.21M,-2.82%
04/13/2021,11.7,11.7,11.71,11.43,1.30M,0.17%
04/12/2021,11.68,11.79,11.9,11.42,3.24M,-0.26%
04/11/2021,11.71,11.75,11.9,11.67,20.81K,-1.68%
04/08/2021,11.91,11.98,12.05,11.88,1.44M,0.00%
04/07/2021,11.91,12.0,12.01,11.52,2.55M,-0.42%
04/06/2021,11.96,12.1,12.1,11.61,593.26K,0.93%
04/05/2021,11.85,11.47,12.0,11.3,679.55K,2.07%
04/04/2021,11.61,11.85,11.9,11.41,140.69K,1.57%
04/01/2021,11.43,11.51,11.51,11.4,3.00M,0.09%
03/31/2021,11.42,11.9,11.9,11.4,4.68M,0.09%
03/30/2021,11.41,12.0,12.0,11.36,9.56M,-2.56%
03/29/2021,11.71,12.27,12.27,11.56,6.67M,-3.62%
03/28/2021,12.15,12.06,12.48,11.51,29.87K,-2.10%
03/25/2021,12.41,11.5,12.5,11.5,2.30M,7.73%
03/24/2021,11.52,11.3,11.9,11.25,4.03M,2.58%
03/23/2021,11.23,11.48,11.75,11.0,4.60M,-4.18%
03/22/2021,11.72,12.3,12.32,11.17,1.70M,-5.56%
03/21/2021,12.41,12.21,12.59,12.21,115.25K,1.97%
03/18/2021,12.17,13.1,13.1,12.15,5.34M,-9.85%
03/17/2021,13.5,13.5,13.5,13.1,1.43M,0.00%
03/16/2021,13.5,13.72,13.72,13.49,1.40M,-1.46%
03/15/2021,13.7,13.8,13.8,13.1,510.55K,1.18%
03/14/2021,13.54,14.0,14.0,13.13,13.73K,-3.15%
03/11/2021,13.98,14.0,14.2,13.91,517.89K,0.22%
03/10/2021,13.95,13.98,13.98,13.7,870.24K,-0.21%
03/09/2021,13.98,14.0,14.0,13.85,1.63M,-1.69%
03/08/2021,14.22,14.4,14.4,14.0,2.17M,-1.39%
03/07/2021,14.42,14.4,14.49,14.0,974.56K,-0.21%
03/04/2021,14.45,14.58,14.6,14.0,2.26M,-1.03%
03/03/2021,14.6,14.69,14.72,14.51,2.81M,-0.82%
03/02/2021,14.72,14.8,14.8,14.6,1.02M,-0.20%
03/01/2021,14.75,14.8,14.8,14.35,1.80M,-0.74%
02/28/2021,14.86,14.95,14.95,14.14,258.89K,0.07%
02/25/2021,14.85,14.7,14.9,14.7,2.72M,2.06%
02/24/2021,14.55,14.3,14.7,14.05,1.49M,0.41%
02/23/2021,14.49,14.15,14.55,14.15,1.11M,-0.14%
02/22/2021,14.51,14.59,14.89,14.1,1.26M,2.98%
02/21/2021,14.09,14.2,14.79,14.0,1.32M,0.71%
02/18/2021,13.99,14.0,14.35,13.52,1.59M,-1.89%
02/17/2021,14.26,14.36,14.4,13.9,330.34K,-0.97%
02/16/2021,14.4,14.46,14.5,14.32,292.96K,-0.89%
02/15/2021,14.53,14.32,14.85,14.31,33.08K,0.35%
02/14/2021,14.48,14.9,14.9,14.3,271.90K,-2.82%
02/11/2021,14.9,14.94,15.0,14.82,896.76K,0.61%
02/10/2021,14.81,14.5,14.95,14.5,372.32K,1.58%
02/09/2021,14.58,14.5,14.8,14.28,20.86K,0.97%
02/08/2021,14.44,14.69,14.7,14.25,223.93K,-1.63%
02/07/2021,14.68,14.65,14.81,14.5,107.71K,-0.81%
02/04/2021,14.8,14.75,14.9,14.7,127.70K,-0.20%
02/03/2021,14.83,15.0,15.0,14.76,866.43K,-0.47%
02/02/2021,14.9,15.0,15.0,14.7,3.12M,0.20%
02/01/2021,14.87,14.99,15.0,14.76,543.56K,0.07%
01/31/2021,14.86,15.01,15.03,14.6,1.69M,-0.93%
01/27/2021,15.0,14.5,15.39,14.5,2.25M,3.66%
01/26/2021,14.47,14.13,14.59,14.13,372.37K,0.98%
01/25/2021,14.33,14.4,14.7,14.03,254.21K,-2.52%
01/24/2021,14.7,14.89,14.89,14.6,292.96K,-0.14%
01/21/2021,14.72,14.56,14.86,14.56,1.26M,1.31%
01/20/2021,14.53,14.3,14.75,14.3,1.31M,2.18%
01/19/2021,14.22,14.2,14.4,14.0,1.38M,0.49%
01/18/2021,14.15,14.3,14.31,14.05,697.66K,1.07%
01/17/2021,14.0,14.1,14.28,13.6,1.10M,1.01%
01/14/2021,13.86,13.3,14.1,13.3,1.63M,3.90%
01/13/2021,13.34,13.02,13.58,13.02,1.79M,0.68%
01/12/2021,13.25,13.1,13.3,13.1,2.44M,1.30%
01/11/2021,13.08,12.83,13.2,12.83,1.72M,0.54%
01/10/2021,13.01,13.0,13.25,13.0,96.74K,0.08%
01/06/2021,13.0,13.0,13.03,12.91,1.04M,-0.84%
01/05/2021,13.11,13.1,13.3,12.95,1.65M,0.46%
01/04/2021,13.05,13.0,13.1,12.91,551.54K,-0.38%
01/03/2021,13.1,13.1,13.11,13.08,55.54K,0.46%
12/31/2020,13.04,12.9,13.22,12.9,1.18M,-0.15%
12/30/2020,13.06,13.05,13.2,13.05,1.24M,0.38%
12/29/2020,13.01,12.63,13.2,12.63,606.59K,3.01%
12/28/2020,12.63,12.85,12.85,12.6,67.59K,0.88%
12/27/2020,12.52,12.5,12.6,12.46,10.37K,-1.18%
12/24/2020,12.67,12.59,12.81,12.59,323.50K,0.16%
12/23/2020,12.65,12.7,13.0,12.6,418.10K,-0.47%
12/22/2020,12.71,12.55,12.9,12.55,165.66K,0.00%
12/21/2020,12.71,12.9,12.91,12.53,2.26M,-2.23%
12/20/2020,13.0,13.28,13.28,12.54,232.99K,0.08%
12/17/2020,12.99,13.0,13.34,12.79,1.89M,-0.31%
12/16/2020,13.03,12.99,13.25,12.8,1.45M,-0.31%
12/15/2020,13.07,13.45,13.45,12.78,1.33M,-2.39%
12/14/2020,13.39,13.05,13.75,12.73,2.08M,3.08%
12/13/2020,12.99,12.96,13.1,12.81,1.41M,0.46%
12/10/2020,12.93,12.35,13.01,12.35,3.21M,3.36%
12/09/2020,12.51,12.27,12.65,12.23,3.71M,4.16%
12/08/2020,12.01,11.93,12.29,11.9,587.66K,0.92%
12/07/2020,11.9,11.89,11.94,11.66,1.64M,0.59%
12/06/2020,11.83,11.8,11.9,11.65,374.35K,0.60%
12/03/2020,11.76,11.64,11.94,11.62,542.66K,1.47%
12/02/2020,11.59,11.1,11.7,11.1,4.21M,4.89%
12/01/2020,11.05,11.0,11.34,10.81,4.19M,2.50%
11/30/2020,10.78,11.05,11.1,10.4,6.75M,-2.18%
11/29/2020,11.02,11.1,11.1,10.91,354.58K,1.29%
11/26/2020,10.88,10.99,11.05,10.79,8.39M,1.40%
11/25/2020,10.73,10.82,11.04,10.65,9.66M,0.56%
11/24/2020,10.67,10.66,10.8,10.6,1.77M,0.19%
11/23/2020,10.65,10.75,10.75,10.62,2.51M,0.09%
11/22/2020,10.64,10.8,10.84,10.57,1.36M,-1.85%
11/19/2020,10.84,11.0,11.0,10.79,1.34M,-0.91%
11/18/2020,10.94,10.89,11.0,10.85,2.88M,0.27%
11/17/2020,10.91,11.0,11.0,10.86,2.17M,-0.09%
11/16/2020,10.92,11.1,11.1,10.83,3.12M,-0.36%
11/15/2020,10.96,10.98,11.1,10.89,298.51K,-0.18%
11/12/2020,10.98,10.98,11.0,10.85,1.98M,0.00%
11/11/2020,10.98,11.32,11.32,10.17,1.32M,-12.44%
11/10/2020,12.54,12.6,12.68,12.45,2.14M,0.64%
11/09/2020,12.46,12.45,12.68,12.31,6.59M,2.72%
11/08/2020,12.13,12.1,12.4,11.92,488.70K,1.85%
11/05/2020,11.91,11.91,11.95,11.85,1.58M,0.93%
11/04/2020,11.8,11.9,11.9,11.76,1.24M,-0.25%
11/03/2020,11.83,11.9,11.94,11.79,1.18M,-1.00%
11/02/2020,11.95,12.0,12.04,11.82,595.22K,-0.08%
11/01/2020,11.96,12.0,12.0,11.85,321.23K,-0.08%
10/28/2020,11.97,12.15,12.15,11.81,1.06M,-0.33%
10/27/2020,12.01,12.02,12.02,11.96,1.18M,0.00%
10/26/2020,12.01,12.0,12.05,11.92,2.22M,0.17%
10/25/2020,11.99,11.8,12.19,11.8,1.02M,0.59%
10/22/2020,11.92,11.9,11.99,11.83,2.45M,-0.58%
10/21/2020,11.99,11.39,12.18,11.39,1.15M,-0.08%
10/20/2020,12.0,12.19,12.19,11.94,4.63M,-1.07%
10/19/2020,12.13,12.12,12.35,12.0,2.39M,-0.25%
10/18/2020,12.16,12.11,12.29,12.1,69.96K,-0.41%
10/15/2020,12.21,12.34,12.34,12.08,805.92K,-0.89%
10/14/2020,12.32,12.28,12.39,12.26,2.22M,0.00%
10/13/2020,12.32,12.35,12.35,12.27,1.45M,0.08%
10/12/2020,12.31,12.2,12.35,12.2,1.52M,1.15%
10/11/2020,12.17,12.36,12.4,12.0,1.66M,-1.38%
10/07/2020,12.34,12.3,12.4,12.25,1.47M,1.06%
10/06/2020,12.21,12.34,12.34,12.15,3.19M,1.58%
10/05/2020,12.02,12.2,12.2,12.0,2.94M,-1.72%
10/04/2020,12.23,12.08,12.35,12.08,183.21K,1.83%
10/01/2020,12.01,12.0,12.08,12.0,590.49K,-0.33%
09/30/2020,12.05,12.25,12.25,11.94,443.69K,-1.15%
09/29/2020,12.19,12.06,12.25,12.05,1.08M,0.74%
09/28/2020,12.1,11.79,12.25,11.6,1.69M,4.40%
09/27/2020,11.59,11.9,11.9,11.4,284.36K,-2.19%
09/24/2020,11.85,11.85,11.97,11.69,329.30K,0.68%
09/23/2020,11.77,11.79,11.94,11.66,771.95K,0.68%
09/22/2020,11.69,11.63,11.84,11.62,147.04K,-0.34%
09/21/2020,11.73,11.88,11.88,11.64,1.15M,-0.93%
09/20/2020,11.84,12.0,12.0,11.76,188.02K,0.00%
09/17/2020,11.84,11.9,11.9,11.77,1.53M,-0.50%
09/16/2020,11.9,12.0,12.0,11.82,1.57M,0.00%
09/15/2020,11.9,11.92,11.97,11.84,318.77K,-0.25%
09/14/2020,11.93,12.09,12.09,11.9,952.01K,-0.25%
09/13/2020,11.96,11.96,12.1,11.91,38.10K,-0.17%
09/10/2020,11.98,12.02,12.05,11.9,703.29K,-0.33%
09/09/2020,12.02,12.1,12.1,11.95,1.27M,-0.83%
09/08/2020,12.12,12.24,12.25,12.02,902.30K,-1.46%
09/07/2020,12.3,12.2,12.4,12.08,476.76K,0.82%
09/06/2020,12.2,12.15,12.25,12.08,192.26K,-0.65%
09/03/2020,12.28,12.3,12.32,12.25,669.41K,-0.32%
09/02/2020,12.32,12.2,12.6,12.18,886.25K,-0.65%
09/01/2020,12.4,12.72,12.72,12.05,1.22M,-2.52%
08/31/2020,12.72,12.52,12.9,12.5,1.49M,1.52%
08/30/2020,12.53,12.51,12.74,12.46,139.51K,-1.73%
08/27/2020,12.75,12.75,12.8,12.5,703.36K,0.95%
08/26/2020,12.63,12.75,12.75,12.46,1.01M,-0.94%
08/25/2020,12.75,12.75,12.84,12.59,2.38M,1.03%
08/24/2020,12.62,12.22,13.05,12.21,4.77M,1.77%
08/23/2020,12.4,12.5,12.5,12.36,151.45K,0.65%
08/19/2020,12.32,12.2,12.4,12.2,594.18K,2.24%
08/18/2020,12.05,12.1,12.19,11.96,335.04K,0.25%
08/17/2020,12.02,12.4,12.4,11.9,710.06K,-1.96%
08/16/2020,12.26,12.5,12.5,12.16,30.53K,1.07%
08/13/2020,12.13,12.21,12.39,12.0,588.85K,-2.33%
08/12/2020,12.42,12.35,12.47,12.16,650.68K,-0.88%
08/11/2020,12.53,12.3,12.8,12.3,1.06M,3.30%
08/10/2020,12.13,11.86,12.49,11.86,3.73M,2.19%
08/09/2020,11.87,11.95,11.95,11.83,84.64K,-0.50%
08/06/2020,11.93,11.81,12.0,11.8,625.80K,1.36%
08/05/2020,11.77,11.71,11.85,11.62,172.55K,1.12%
08/04/2020,11.64,12.05,12.05,11.59,4.25M,-1.27%
07/29/2020,11.79,11.76,12.0,11.76,4.94M,0.08%
07/28/2020,11.78,11.8,11.8,11.74,1.30M,0.00%
07/27/2020,11.78,11.9,11.9,11.66,818.18K,-1.17%
07/26/2020,11.92,11.95,12.0,11.9,6.28K,0.00%
07/22/2020,11.92,12.0,12.0,11.81,439.71K,-0.50%
07/21/2020,11.98,12.0,12.1,11.75,924.66K,1.44%
07/20/2020,11.81,11.85,11.9,11.8,4.62M,-0.42%
07/19/2020,11.86,11.75,12.0,11.75,9.70K,-1.17%
07/16/2020,12.0,11.71,12.05,11.71,2.55M,0.50%
07/15/2020,11.94,12.0,12.0,11.7,1.61M,-0.50%
07/14/2020,12.0,12.14,12.16,11.75,1.92M,-3.15%
07/13/2020,12.39,12.59,12.6,12.0,1.49M,-0.56%
07/12/2020,12.46,12.4,12.54,12.31,107.99K,0.48%
07/09/2020,12.4,12.44,12.6,12.2,1.69M,0.65%
07/08/2020,12.32,12.54,12.63,12.15,396.22K,-1.68%
07/07/2020,12.53,12.6,12.7,12.3,1.04M,-1.96%
07/06/2020,12.78,12.82,12.85,12.59,1.90M,0.31%
07/05/2020,12.74,12.99,12.99,12.55,726.98K,-0.08%
06/30/2020,12.75,12.8,13.0,12.52,1.52M,1.43%
06/29/2020,12.57,12.53,12.8,12.49,754.49K,-0.24%
06/28/2020,12.6,12.83,12.83,12.6,51.14K,0.00%
06/25/2020,12.6,12.81,12.81,12.51,254.55K,-2.17%
06/24/2020,12.88,12.96,13.01,12.65,1.44M,1.26%
06/23/2020,12.72,12.75,12.9,12.63,61.65K,-1.62%
06/22/2020,12.93,13.3,13.3,12.6,735.69K,-2.85%
06/21/2020,13.31,13.0,13.59,12.97,542.86K,2.38%
06/18/2020,13.0,13.0,13.02,12.82,1.57M,0.78%
06/17/2020,12.9,12.74,13.0,12.72,739.05K,0.94%
06/16/2020,12.78,12.76,12.88,12.55,1.02M,0.16%
06/15/2020,12.76,12.61,12.96,12.4,713.00K,1.19%
06/14/2020,12.61,13.1,13.1,12.5,221.55K,-3.15%
06/11/2020,13.02,13.25,13.26,13.0,2.29M,-0.15%
06/10/2020,13.04,13.5,13.5,12.82,2.44M,-3.12%
06/09/2020,13.46,13.0,13.9,13.0,2.17M,2.59%
06/08/2020,13.12,13.01,13.37,13.0,1.60M,0.77%
06/07/2020,13.02,12.5,13.4,12.5,294.81K,4.24%
06/04/2020,12.49,12.5,12.6,12.45,2.47M,0.48%
06/03/2020,12.43,12.36,12.51,12.36,2.39M,0.65%
06/02/2020,12.35,12.5,12.52,12.25,2.39M,1.48%
06/01/2020,12.17,12.08,12.45,12.05,2.26M,0.83%
05/31/2020,12.07,12.6,12.69,11.99,897.70K,-3.05%
05/21/2020,12.45,12.26,12.52,12.22,4.10M,1.88%
05/20/2020,12.22,12.5,12.5,12.2,1.13M,-2.86%
05/19/2020,12.58,12.72,12.8,12.5,3.70M,-0.16%
05/18/2020,12.6,12.95,12.95,12.42,3.38M,-2.70%
05/17/2020,12.95,12.7,13.0,12.7,575.60K,2.94%
05/14/2020,12.58,12.55,12.7,12.5,1.31M,0.24%
05/13/2020,12.55,12.65,12.75,12.41,419.59K,-1.10%
05/12/2020,12.69,12.95,12.95,12.5,2.24M,-1.32%
05/11/2020,12.86,12.01,13.1,12.0,2.13M,6.81%
05/10/2020,12.04,12.2,12.27,12.0,141.13K,0.50%
05/07/2020,11.98,12.48,12.48,11.85,2.04M,-4.01%
05/06/2020,12.48,12.39,12.69,12.15,1.00M,1.22%
05/05/2020,12.33,12.06,12.5,12.01,168.52K,1.82%
05/04/2020,12.11,11.85,12.28,11.85,178.35K,1.42%
05/03/2020,11.94,12.0,12.0,11.9,509.42K,-1.49%
04/30/2020,12.12,12.18,12.2,12.0,1.17M,-0.49%
04/29/2020,12.18,12.15,12.21,12.11,1.43M,0.66%
04/28/2020,12.1,12.28,12.28,12.01,991.42K,-0.08%
04/27/2020,12.11,12.25,12.25,12.05,82.62K,0.41%
04/26/2020,12.06,12.15,12.3,11.97,417.48K,0.50%
04/23/2020,12.0,12.1,12.25,11.9,267.91K,0.42%
04/22/2020,11.95,11.91,12.24,11.8,7.01M,-2.61%
04/21/2020,12.27,12.65,12.65,12.0,1.10M,-1.76%
04/16/2020,12.49,12.5,12.5,12.25,376.06K,0.08%
04/15/2020,12.48,12.67,12.8,12.4,4.67M,-2.42%
04/14/2020,12.79,12.65,12.9,12.42,424.44K,1.75%
04/13/2020,12.57,12.6,12.7,12.46,118.18K,-0.16%
04/12/2020,12.59,12.5,12.6,12.5,7.50K,0.00%
04/09/2020,12.59,12.89,12.89,12.51,543.71K,0.16%
04/08/2020,12.57,12.5,12.8,12.49,1.30M,0.80%
04/07/2020,12.47,12.35,12.8,12.35,2.02M,1.55%
04/06/2020,12.28,12.25,12.35,12.24,368.73K,0.90%
04/05/2020,12.17,12.25,12.25,12.05,28.28K,-0.65%
04/02/2020,12.25,12.25,12.3,12.2,1.59M,0.08%
04/01/2020,12.24,12.36,12.36,11.99,9.99M,-0.89%
03/31/2020,12.35,12.48,12.5,12.34,11.35M,0.73%
03/30/2020,12.26,12.21,12.4,12.0,4.66M,0.00%
03/29/2020,12.26,12.15,12.35,12.05,1.13M,-0.08%
03/26/2020,12.27,12.41,12.49,12.2,1.96M,-1.29%
03/25/2020,12.43,12.06,12.6,11.96,1.30M,4.72%
03/24/2020,11.87,11.21,12.0,11.2,5.74M,-1.74%
03/23/2020,12.08,12.53,12.55,10.85,4.12M,5.87%
03/22/2020,11.41,11.0,11.42,11.0,374.22K,9.82%
03/19/2020,10.39,10.0,11.19,9.99,4.52M,2.06%
03/18/2020,10.18,10.5,10.51,10.0,1.86M,-3.05%
03/17/2020,10.5,10.65,10.7,10.43,4.07M,0.86%
03/16/2020,10.41,11.55,11.55,10.38,1.67M,-9.71%
03/15/2020,11.53,12.6,12.6,11.49,963.73K,-9.64%
03/11/2020,12.76,13.19,13.19,12.45,651.04K,1.67%
03/10/2020,12.55,12.5,13.0,12.5,829.00K,0.88%
03/09/2020,12.44,13.3,13.3,12.25,1.53M,-8.33%
03/08/2020,13.57,13.6,13.78,13.55,79.09K,-2.16%
03/05/2020,13.87,13.89,14.0,13.75,4.19M,2.59%
03/04/2020,13.52,13.77,13.77,13.5,453.35K,0.07%
03/03/2020,13.51,12.71,14.5,12.71,2.96M,1.81%
03/02/2020,13.27,13.51,13.55,12.31,1.37M,-1.19%
03/01/2020,13.43,14.1,14.1,13.1,27.68K,-6.35%
02/27/2020,14.34,14.52,14.52,13.8,1.97M,-1.24%
02/26/2020,14.52,14.71,14.75,14.35,760.08K,-1.63%
02/25/2020,14.76,15.02,15.02,14.74,2.63M,-1.73%
02/24/2020,15.02,15.21,15.21,14.8,248.88K,-2.02%
02/23/2020,15.33,15.2,15.35,15.2,24.89K,-1.41%
02/20/2020,15.55,15.34,15.55,15.34,2.68M,0.00%
02/19/2020,15.55,15.49,15.64,15.49,6.55M,0.97%
02/18/2020,15.4,15.39,15.5,15.39,1.93M,0.06%
02/17/2020,15.39,15.39,15.4,15.38,434.42K,0.00%
02/16/2020,15.39,15.74,15.74,15.25,22.57K,-0.84%
02/13/2020,15.52,15.51,15.65,15.51,675.01K,0.06%
02/12/2020,15.51,15.46,15.55,15.42,1.34M,-1.15%
02/11/2020,15.69,15.32,15.76,15.32,1.34M,1.95%
02/10/2020,15.39,15.35,15.45,15.35,176.79K,-2.29%
02/09/2020,15.75,15.41,15.8,15.41,775.89K,-0.06%
02/06/2020,15.76,15.33,16.05,15.33,2.75M,3.55%
02/05/2020,15.22,14.85,15.34,14.85,1.18M,2.91%
02/04/2020,14.79,14.77,14.81,14.71,2.23M,0.14%
02/03/2020,14.77,14.85,14.86,14.72,2.29M,-1.20%
02/02/2020,14.95,14.9,15.05,14.7,107.43K,-0.40%
01/30/2020,15.01,14.9,15.1,14.8,1.67M,1.76%
01/29/2020,14.75,14.73,14.86,14.73,398.03K,1.10%
01/28/2020,14.59,14.55,14.65,14.5,1.87M,0.27%
01/27/2020,14.55,14.56,14.68,14.5,904.04K,0.07%
01/26/2020,14.54,14.98,14.98,14.56,3.78K,0.00%
01/23/2020,14.54,14.89,14.9,14.48,756.29K,-1.76%
01/22/2020,14.8,14.95,14.95,14.67,1.05M,-0.13%
01/21/2020,14.82,14.9,14.9,14.75,170.48K,-1.20%
01/20/2020,15.0,15.06,15.06,14.9,2.52M,0.00%
01/19/2020,15.0,14.94,15.02,14.94,247.83K,-0.20%
01/16/2020,15.03,15.05,15.1,15.0,1.68M,-0.20%
01/15/2020,15.06,14.97,15.12,14.97,769.69K,-0.26%
01/14/2020,15.1,15.06,15.13,15.06,750.10K,0.07%
01/13/2020,15.09,15.15,15.2,15.01,617.62K,0.67%
01/12/2020,14.99,14.9,15.05,14.9,39.43K,-0.27%
01/09/2020,15.03,15.0,15.15,14.99,2.99M,0.27%
01/08/2020,14.99,14.75,15.17,14.75,2.00M,1.28%
01/06/2020,14.8,14.5,14.95,14.5,933.97K,-0.27%
01/05/2020,14.84,15.05,15.05,14.31,595.06K,-2.62%
01/02/2020,15.24,15.05,15.52,15.05,515.61K,-2.18%
12/31/2019,15.58,15.39,16.0,15.12,1.10M,1.56%
12/30/2019,15.34,14.65,15.4,14.65,413.69K,2.68%
12/29/2019,14.94,14.96,15.0,14.9,1.16M,-0.13%
12/26/2019,14.96,14.96,15.19,14.8,32.56K,1.01%
12/25/2019,14.81,15.23,15.4,14.6,324.52K,-3.27%
12/24/2019,15.31,15.45,15.45,15.05,138.55K,1.80%
12/23/2019,15.04,14.97,15.55,14.96,1.38M,0.47%
12/22/2019,14.97,14.66,14.99,14.66,121.72K,0.54%
12/19/2019,14.89,15.01,15.01,14.65,1.13M,-0.80%
12/18/2019,15.01,15.08,15.1,15.0,1.02M,0.00%
12/17/2019,15.01,14.99,15.05,14.99,812.47K,0.67%
12/16/2019,14.91,14.81,15.0,14.8,803.02K,0.34%
12/15/2019,14.86,14.99,14.99,14.82,47.21K,-0.20%
12/12/2019,14.89,14.9,14.9,14.84,1.29M,-0.13%
12/11/2019,14.91,14.9,14.99,14.86,777.95K,-0.27%
12/10/2019,14.95,14.77,15.0,14.77,777.94K,0.20%
12/09/2019,14.92,14.9,15.0,14.76,170.65K,-0.27%
12/08/2019,14.96,14.62,15.1,14.61,221.12K,1.22%
12/05/2019,14.78,14.7,14.95,14.6,762.88K,0.27%
12/04/2019,14.74,14.61,14.89,14.6,7.95M,1.31%
12/03/2019,14.55,14.62,14.62,14.5,920.07K,-0.89%
12/02/2019,14.68,14.87,14.99,14.6,556.32K,-2.20%
12/01/2019,15.01,15.03,15.1,14.87,467.76K,0.27%
11/28/2019,14.97,14.95,15.25,14.9,201.34K,-0.20%
11/27/2019,15.0,15.0,15.0,14.95,281.02K,-0.66%
11/26/2019,15.1,15.08,15.23,14.99,6.15M,-1.18%
11/25/2019,15.28,15.39,15.39,15.06,1.63M,0.13%
11/24/2019,15.26,15.39,15.39,15.15,151.37K,0.79%
11/21/2019,15.14,15.01,15.43,15.0,670.75K,0.93%
11/20/2019,15.0,15.0,15.13,14.95,2.70M,0.00%
11/19/2019,15.0,15.03,15.03,14.95,1.02M,-0.13%
11/18/2019,15.02,15.02,15.12,14.96,2.16M,-0.60%
11/17/2019,15.11,15.4,15.41,14.99,223.97K,-0.59%
11/14/2019,15.2,15.07,15.5,15.06,803.21K,0.33%
11/13/2019,15.15,15.14,15.29,15.0,716.62K,-0.33%
11/12/2019,15.2,15.43,15.43,15.14,336.42K,-5.00%
11/11/2019,16.0,15.95,16.14,15.9,4.35M,1.33%
11/07/2019,15.79,15.7,15.81,15.7,1.05M,0.38%
11/06/2019,15.73,15.85,15.85,15.66,565.83K,-1.19%
11/05/2019,15.92,16.1,16.1,15.85,1.26M,-0.93%
11/04/2019,16.07,16.2,16.2,15.9,341.94K,-0.19%
11/03/2019,16.1,16.2,16.2,16.08,3.83K,0.00%
10/31/2019,16.1,16.19,16.19,16.0,2.13M,0.06%
10/30/2019,16.09,16.0,16.2,15.95,1.61M,0.69%
10/29/2019,15.98,16.0,16.1,15.91,916.50K,-0.06%
10/28/2019,15.99,16.19,16.2,15.83,980.45K,-1.11%
10/27/2019,16.17,16.15,16.2,16.0,109.49K,0.81%
10/24/2019,16.04,15.63,16.17,15.62,732.59K,3.08%
10/23/2019,15.56,15.57,15.8,15.31,798.01K,1.83%
10/22/2019,15.28,15.31,15.63,15.25,2.38M,-0.33%
10/21/2019,15.33,15.41,15.42,15.29,453.40K,-0.71%
10/20/2019,15.44,15.42,15.57,15.34,273.12K,-0.77%
10/17/2019,15.56,15.9,15.9,15.26,1.56M,-2.08%
10/16/2019,15.89,16.0,16.0,15.7,549.02K,-0.44%
10/15/2019,15.96,16.0,16.01,15.8,532.14K,-0.81%
10/14/2019,16.09,16.17,16.4,15.96,794.10K,-0.43%
10/13/2019,16.16,16.01,16.3,16.01,12.10K,-0.25%
10/10/2019,16.2,16.35,16.35,16.1,1.69M,0.87%
10/09/2019,16.06,16.45,16.45,16.0,326.37K,-2.25%
10/08/2019,16.43,16.7,16.7,16.31,60.61K,-0.48%
10/07/2019,16.51,16.57,16.7,16.4,356.39K,0.18%
10/03/2019,16.48,16.6,16.6,16.2,2.85M,-0.42%
10/02/2019,16.55,16.55,16.66,16.3,2.44M,-1.84%
10/01/2019,16.86,16.9,16.9,16.65,550.27K,-0.88%
09/30/2019,17.01,17.01,17.24,16.5,1.29M,0.06%
09/29/2019,17.0,17.0,17.42,16.7,92.18K,0.89%
09/26/2019,16.85,16.9,17.01,16.55,462.18K,-0.53%
09/25/2019,16.94,16.99,17.0,16.5,384.60K,4.70%
09/24/2019,16.18,17.4,17.4,15.85,1.92M,-7.06%
09/23/2019,17.41,16.52,17.51,16.52,2.47M,3.88%
09/22/2019,16.76,17.05,17.07,16.4,2.54M,-4.28%
09/19/2019,17.51,17.26,17.7,17.25,3.12M,1.16%
09/18/2019,17.31,17.1,17.8,17.0,1.79M,1.70%
09/17/2019,17.02,16.82,17.09,16.8,1.22M,0.00%
09/16/2019,17.02,16.39,17.3,16.36,2.47M,2.47%
09/15/2019,16.61,16.6,16.67,16.5,1.22M,1.03%
09/12/2019,16.44,16.0,16.68,16.0,9.06M,3.07%
09/11/2019,15.95,15.75,16.3,15.75,6.18M,2.31%
09/10/2019,15.59,15.6,15.78,15.49,3.52M,0.58%
09/09/2019,15.5,15.52,15.8,15.4,1.48M,-0.39%
09/08/2019,15.56,15.6,15.65,15.52,119.47K,0.32%
09/05/2019,15.51,15.48,15.88,15.4,4.75M,0.91%
09/04/2019,15.37,15.18,15.54,15.18,1.21M,0.59%
09/03/2019,15.28,15.51,15.6,15.13,1.18M,-2.98%
09/02/2019,15.75,15.1,16.1,15.03,961.94K,2.74%
09/01/2019,15.33,15.33,15.45,15.33,323.87K,0.00%
08/29/2019,15.33,15.5,15.7,15.01,2.53M,-0.78%
08/28/2019,15.45,15.58,15.59,15.3,316.61K,2.05%
08/27/2019,15.14,15.0,15.5,14.8,5.23M,-0.07%
08/26/2019,15.15,15.34,15.34,14.6,761.72K,-1.30%
08/25/2019,15.35,15.41,15.5,15.28,94.04K,-0.39%
08/22/2019,15.41,15.5,15.5,15.3,701.12K,-0.58%
08/21/2019,15.5,15.6,15.65,15.38,2.69M,-1.08%
08/20/2019,15.67,15.61,15.8,15.57,715.33K,0.32%
08/19/2019,15.62,15.9,15.9,15.55,1.12M,-2.25%
08/18/2019,15.98,16.38,16.38,15.8,189.72K,1.59%
08/15/2019,15.73,16.5,16.5,15.5,534.37K,-4.67%
08/14/2019,16.5,16.39,16.6,16.39,1.20M,0.06%
08/08/2019,16.49,16.59,16.6,16.0,1.53M,1.85%
08/07/2019,16.19,15.61,16.67,15.61,3.12M,3.72%
08/06/2019,15.61,15.61,15.7,15.51,1.05M,0.00%
08/05/2019,15.61,15.61,15.84,15.59,945.05K,0.00%
08/04/2019,15.61,15.61,15.61,15.6,18.05K,-1.20%
08/01/2019,15.8,15.8,15.9,15.55,1.95M,0.57%
07/31/2019,15.71,15.46,15.91,15.39,1.08M,-0.70%
07/30/2019,15.82,15.75,15.97,15.56,1.47M,2.53%
07/29/2019,15.43,15.41,15.69,15.4,115.63K,0.19%
07/28/2019,15.4,15.4,15.41,15.4,136.16K,0.00%
07/25/2019,15.4,15.5,15.5,15.36,2.22M,0.00%
07/24/2019,15.4,15.4,15.5,15.35,3.56M,0.00%
07/22/2019,15.4,15.35,15.4,15.35,1.23M,0.33%
07/21/2019,15.35,15.35,15.35,15.35,24.68K,-0.26%
07/18/2019,15.39,15.4,15.4,15.34,972.40K,-0.26%
07/17/2019,15.43,15.45,15.5,15.4,36.48K,0.19%
07/16/2019,15.4,15.37,15.45,15.35,1.44M,0.20%
07/15/2019,15.37,15.31,15.45,15.3,1.11M,0.20%
07/14/2019,15.34,15.3,15.4,15.29,153.87K,0.33%
07/11/2019,15.29,15.4,15.4,15.18,249.48K,-1.35%
07/10/2019,15.5,15.57,15.6,15.42,1.22M,-1.84%
07/09/2019,15.79,15.89,15.89,15.7,697.46K,-1.13%
07/08/2019,15.97,15.8,16.0,15.77,3.67M,0.63%
07/07/2019,15.87,15.3,15.99,15.25,398.66K,3.39%
07/04/2019,15.35,15.27,15.45,15.27,2.18M,-0.45%
07/03/2019,15.42,15.49,15.49,15.33,847.81K,-0.19%
07/02/2019,15.45,15.5,15.5,15.25,2.00M,0.06%
06/27/2019,15.44,15.45,15.63,15.36,3.44M,0.78%
06/26/2019,15.32,15.44,15.5,15.26,2.07M,0.20%
06/25/2019,15.29,15.4,15.4,15.2,2.66M,-0.71%
06/24/2019,15.4,15.51,15.51,15.33,2.68M,-0.32%
06/23/2019,15.45,15.58,15.8,15.4,270.56K,0.91%
06/20/2019,15.31,15.53,15.53,15.16,4.21M,-1.80%
06/19/2019,15.59,15.98,15.98,15.4,1.66M,-0.70%
06/18/2019,15.7,15.75,15.75,15.68,780.64K,-1.07%
06/17/2019,15.87,15.97,15.99,15.78,287.32K,-0.75%
06/16/2019,15.99,15.97,16.0,15.97,277.97K,0.00%
06/13/2019,15.99,15.9,16.0,15.85,1.02M,0.00%
06/12/2019,15.99,16.36,16.36,15.86,1.21M,-2.32%
06/11/2019,16.37,16.69,16.69,16.3,2.86M,-0.12%
06/10/2019,16.39,16.0,16.68,16.0,5.62M,2.37%
06/09/2019,16.01,15.96,16.09,15.9,246.12K,1.91%
06/03/2019,15.71,15.79,15.96,15.5,173.48K,1.22%
06/02/2019,15.52,16.17,16.17,15.5,43.53K,-0.06%
05/30/2019,15.53,15.8,15.89,15.3,1.03M,-2.51%
05/29/2019,15.93,15.97,16.15,15.85,1.63M,0.19%
05/28/2019,15.9,16.22,16.31,15.19,4.66M,-3.58%
05/27/2019,16.49,17.0,17.0,16.2,137.44K,-3.06%
05/26/2019,17.01,16.95,17.22,16.5,64.63K,4.48%
05/23/2019,16.28,16.1,17.0,16.1,684.54K,0.68%
05/22/2019,16.17,16.08,16.49,16.08,301.48K,0.56%
05/21/2019,16.08,16.1,16.25,16.0,675.49K,1.52%
05/20/2019,15.84,15.9,16.0,15.67,935.06K,0.06%
05/19/2019,15.83,16.0,16.08,15.69,526.23K,-1.55%
05/16/2019,16.08,16.27,16.27,15.99,626.04K,-1.47%
05/15/2019,16.32,16.26,16.33,16.25,1.50M,-1.03%
05/14/2019,16.49,16.49,16.65,16.25,1.84M,1.66%
05/13/2019,16.22,16.02,16.4,16.0,313.37K,0.12%
05/12/2019,16.2,16.12,16.25,16.0,899.08K,-0.80%
05/09/2019,16.33,16.1,17.0,16.0,920.46K,0.99%
05/08/2019,16.17,16.38,16.38,16.0,940.93K,-1.28%
05/07/2019,16.38,15.61,16.5,15.61,2.49M,1.24%
05/06/2019,16.18,16.9,16.9,15.16,884.80K,-3.92%
05/05/2019,16.84,17.57,17.58,16.64,290.19K,-6.34%
05/02/2019,17.98,18.5,18.5,17.2,945.73K,-1.05%
04/30/2019,18.17,18.26,18.63,18.14,1.00M,-1.62%
04/24/2019,18.47,18.25,18.65,18.25,1.79M,1.26%
04/23/2019,18.24,18.23,18.29,18.21,480.51K,-0.05%
04/22/2019,18.25,18.25,18.3,18.2,580.71K,-1.51%
04/21/2019,18.53,18.64,18.65,18.26,6.32K,0.00%
04/18/2019,18.53,18.5,18.6,18.31,657.54K,0.16%
04/17/2019,18.5,18.45,18.69,18.4,243.47K,0.05%
04/16/2019,18.49,18.55,18.7,18.2,2.69M,-0.11%
04/15/2019,18.51,18.45,18.78,18.2,3.55M,1.31%
04/14/2019,18.27,18.24,18.3,18.12,48.58K,-0.98%
04/11/2019,18.45,18.23,18.51,18.22,3.00M,1.21%
04/10/2019,18.23,18.11,18.29,18.11,227.68K,0.05%
04/09/2019,18.22,18.1,18.26,18.1,411.75K,0.33%
04/08/2019,18.16,18.24,18.3,18.11,490.04K,0.61%
04/07/2019,18.05,18.07,18.17,18.05,29.99K,-0.06%
04/04/2019,18.06,18.05,18.15,18.0,389.98K,0.17%
04/03/2019,18.03,18.48,18.48,18.0,1.06M,-2.44%
04/02/2019,18.48,18.2,18.5,18.2,1.25M,-0.32%
04/01/2019,18.54,18.3,18.65,18.16,890.51K,0.98%
03/31/2019,18.36,18.24,18.4,18.05,554.49K,0.88%
03/28/2019,18.2,18.0,18.4,18.0,442.90K,1.11%
03/27/2019,18.0,17.7,18.1,17.7,1.71M,0.28%
03/26/2019,17.95,18.0,18.01,17.7,377.07K,-0.72%
03/25/2019,18.08,18.01,18.14,17.99,1.26M,-1.04%
03/24/2019,18.27,18.29,18.4,18.0,164.00K,1.44%
03/21/2019,18.01,17.9,18.14,17.9,812.38K,0.00%
03/20/2019,18.01,18.01,18.09,18.0,733.41K,0.00%
03/19/2019,18.01,18.0,18.08,18.0,3.16M,-0.22%
03/18/2019,18.05,18.1,18.39,18.0,1.29M,-0.82%
03/17/2019,18.2,18.25,18.52,18.05,296.47K,-0.49%
03/14/2019,18.29,18.02,18.55,18.0,3.10M,1.39%
03/13/2019,18.04,18.2,18.2,18.0,930.19K,0.11%
03/12/2019,18.02,18.0,18.3,18.0,5.54M,0.33%
03/11/2019,17.96,17.45,18.3,17.44,8.06M,2.63%
03/10/2019,17.5,17.58,17.6,17.4,5.45M,0.06%
03/07/2019,17.49,17.27,17.75,17.1,6.74M,2.16%
03/06/2019,17.12,17.28,17.46,17.0,1.65M,-1.10%
03/05/2019,17.31,17.57,17.8,17.18,991.68K,-1.09%
03/04/2019,17.5,17.4,17.8,17.39,1.55M,0.40%
03/03/2019,17.43,17.5,17.62,17.12,1.01M,4.43%
02/28/2019,16.69,16.99,17.06,16.2,2.98M,-1.77%
02/27/2019,16.99,16.82,17.1,16.82,244.57K,-0.12%
02/26/2019,17.01,17.5,17.6,16.8,829.17K,-1.85%
02/25/2019,17.33,16.85,17.69,16.85,1.38M,2.73%
02/24/2019,16.87,17.0,17.0,16.7,288.28K,0.00%
02/21/2019,16.87,16.52,17.17,16.41,2.20M,2.74%
02/20/2019,16.42,16.3,16.74,16.19,4.33M,1.55%
02/19/2019,16.17,16.11,16.34,16.1,554.80K,0.00%
02/18/2019,16.17,16.19,16.3,16.0,2.04M,-0.43%
02/17/2019,16.24,16.45,16.73,15.9,1.16M,-1.52%
02/14/2019,16.49,16.77,16.77,16.42,296.02K,-1.55%
02/13/2019,16.75,16.59,16.84,16.3,3.53M,0.84%
02/12/2019,16.61,16.51,16.67,16.51,1.80M,0.61%
02/11/2019,16.51,16.32,16.6,16.32,1.16M,-0.18%
02/10/2019,16.54,16.71,16.8,16.33,1.91M,-1.25%
02/07/2019,16.75,16.88,16.88,16.68,2.04M,0.48%
02/06/2019,16.67,16.62,16.85,16.6,1.52M,0.36%
02/05/2019,16.61,16.49,16.79,16.43,2.85M,1.10%
02/04/2019,16.43,16.76,16.76,16.2,380.01K,-2.14%
02/03/2019,16.79,16.9,16.9,16.6,265.59K,-0.42%
01/31/2019,16.86,16.7,16.97,16.6,640.40K,1.02%
01/30/2019,16.69,16.27,16.78,16.26,1.26M,2.27%
01/29/2019,16.32,16.21,16.51,16.1,1.77M,1.05%
01/28/2019,16.15,16.24,16.38,16.0,4.12M,0.50%
01/27/2019,16.07,15.7,16.3,15.7,453.27K,3.54%
01/23/2019,15.52,15.6,15.73,15.4,1.33M,-0.89%
01/22/2019,15.66,16.2,16.2,15.47,1.14M,-1.88%
01/21/2019,15.96,15.95,16.02,15.89,1.03M,-0.19%
01/20/2019,15.99,16.04,16.11,15.9,752.83K,-0.99%
01/17/2019,16.15,16.41,16.5,15.97,462.96K,-1.82%
01/16/2019,16.45,16.5,16.5,16.4,140.60K,-0.42%
01/15/2019,16.52,16.4,16.62,16.4,150.95K,0.67%
01/14/2019,16.41,16.58,16.58,16.3,988.15K,-2.15%
01/13/2019,16.77,16.6,16.9,16.56,891.07K,1.15%
01/10/2019,16.58,16.5,16.83,16.25,1.12M,0.30%
01/09/2019,16.53,16.7,16.71,16.21,911.60K,-1.67%
01/08/2019,16.81,16.85,16.97,16.62,1.01M,-0.24%
01/06/2019,16.85,16.85,16.96,16.7,255.50K,1.26%
01/03/2019,16.64,16.21,16.99,16.21,1.28M,1.28%
01/02/2019,16.43,16.49,16.5,16.33,133.34K,1.05%
